"No.","Time","Delta","Source","Destination","Protocol","Length","Value","Info"
"9624","2021-12-21 13:47:05.334091","0.000000","Master_0x60d988c8","Slave_0x60d988c8","ATT","39","313244305333","Sent Write Command, Handle: 0x0056 (Unknown: Unknown)"
"9628","2021-12-21 13:47:05.425438","0.091347","Master_0x60d988c8","Slave_0x60d988c8","ATT","39","313244305333","Sent Write Command, Handle: 0x0056 (Unknown: Unknown)"
"9632","2021-12-21 13:47:05.515464","0.090026","Master_0x60d988c8","Slave_0x60d988c8","ATT","39","313244305333","Sent Write Command, Handle: 0x0056 (Unknown: Unknown)"
"9638","2021-12-21 13:47:05.649538","0.134074","Master_0x60d988c8","Slave_0x60d988c8","ATT","39","313244305333","Sent Write Command, Handle: 0x0056 (Unknown: Unknown)"
"9642","2021-12-21 13:47:05.739331","0.089793","Master_0x60d988c8","Slave_0x60d988c8","ATT","39","313244355333","Sent Write Command, Handle: 0x0056 (Unknown: Unknown)"
"9676","2021-12-21 13:47:07.224177","1.484846","Master_0x60d988c8","Slave_0x60d988c8","ATT","39","313244305333","Sent Write Command, Handle: 0x0056 (Unknown: Unknown)"
"9678","2021-12-21 13:47:07.270389","0.046212","Master_0x60d988c8","Slave_0x60d988c8","ATT","39","313244305333","Sent Write Command, Handle: 0x0056 (Unknown: Unknown)"
"9684","2021-12-21 13:47:07.403134","0.132745","Master_0x60d988c8","Slave_0x60d988c8","ATT","39","313244305333","Sent Write Command, Handle: 0x0056 (Unknown: Unknown)"
"9688","2021-12-21 13:47:07.539187","0.136053","Master_0x60d988c8","Slave_0x60d988c8","ATT","39","313244305333","Sent Write Command, Handle: 0x0056 (Unknown: Unknown)"
"9692","2021-12-21 13:47:07.629049","0.089862","Master_0x60d988c8","Slave_0x60d988c8","ATT","39","313244305333","Sent Write Command, Handle: 0x0056 (Unknown: Unknown)"
"9698","2021-12-21 13:47:07.763292","0.134243","Master_0x60d988c8","Slave_0x60d988c8","ATT","39","313244355333","Sent Write Command, Handle: 0x0056 (Unknown: Unknown)"
"10272","2021-12-21 13:47:23.378519","15.615227","Master_0x60d988c8","Slave_0x60d988c8","ATT","39","313244315333","Sent Write Command, Handle: 0x0056 (Unknown: Unknown)"
"10274","2021-12-21 13:47:23.513545","0.135026","Master_0x60d988c8","Slave_0x60d988c8","ATT","39","313244315333","Sent Write Command, Handle: 0x0056 (Unknown: Unknown)"
"10276","2021-12-21 13:47:23.648815","0.135270","Master_0x60d988c8","Slave_0x60d988c8","ATT","39","313244315333","Sent Write Command, Handle: 0x0056 (Unknown: Unknown)"
"10280","2021-12-21 13:47:23.782537","0.133722","Master_0x60d988c8","Slave_0x60d988c8","ATT","39","313244315333","Sent Write Command, Handle: 0x0056 (Unknown: Unknown)"
"10282","2021-12-21 13:47:23.827504","0.044967","Master_0x60d988c8","Slave_0x60d988c8","ATT","39","313244315333","Sent Write Command, Handle: 0x0056 (Unknown: Unknown)"
"10288","2021-12-21 13:47:23.962852","0.135348","Master_0x60d988c8","Slave_0x60d988c8","ATT","39","313244315333","Sent Write Command, Handle: 0x0056 (Unknown: Unknown)"
"10292","2021-12-21 13:47:24.053749","0.090897","Master_0x60d988c8","Slave_0x60d988c8","ATT","39","313244355333","Sent Write Command, Handle: 0x0056 (Unknown: Unknown)"
"10306","2021-12-21 13:47:24.367630","0.313881","Master_0x60d988c8","Slave_0x60d988c8","ATT","39","313244315333","Sent Write Command, Handle: 0x0056 (Unknown: Unknown)"
"10310","2021-12-21 13:47:24.501818","0.134188","Master_0x60d988c8","Slave_0x60d988c8","ATT","39","313244315333","Sent Write Command, Handle: 0x0056 (Unknown: Unknown)"
"10314","2021-12-21 13:47:24.638338","0.136520","Master_0x60d988c8","Slave_0x60d988c8","ATT","39","313244315333","Sent Write Command, Handle: 0x0056 (Unknown: Unknown)"
"10318","2021-12-21 13:47:24.727131","0.088793","Master_0x60d988c8","Slave_0x60d988c8","ATT","39","313244315333","Sent Write Command, Handle: 0x0056 (Unknown: Unknown)"
"10324","2021-12-21 13:47:24.863046","0.135915","Master_0x60d988c8","Slave_0x60d988c8","ATT","39","313244315333","Sent Write Command, Handle: 0x0056 (Unknown: Unknown)"
"10328","2021-12-21 13:47:24.953685","0.090639","Master_0x60d988c8","Slave_0x60d988c8","ATT","39","313244315333","Sent Write Command, Handle: 0x0056 (Unknown: Unknown)"
"10334","2021-12-21 13:47:25.087507","0.133822","Master_0x60d988c8","Slave_0x60d988c8","ATT","39","313244355333","Sent Write Command, Handle: 0x0056 (Unknown: Unknown)"
"11153","2021-12-21 13:47:48.080010","22.992503","Master_0x60d988c8","Slave_0x60d988c8","ATT","39","313244325333","Sent Write Command, Handle: 0x0056 (Unknown: Unknown)"
"11159","2021-12-21 13:47:48.215300","0.135290","Master_0x60d988c8","Slave_0x60d988c8","ATT","39","313244325333","Sent Write Command, Handle: 0x0056 (Unknown: Unknown)"
"11163","2021-12-21 13:47:48.305068","0.089768","Master_0x60d988c8","Slave_0x60d988c8","ATT","39","313244325333","Sent Write Command, Handle: 0x0056 (Unknown: Unknown)"
"11169","2021-12-21 13:47:48.440366","0.135298","Master_0x60d988c8","Slave_0x60d988c8","ATT","39","313244325333","Sent Write Command, Handle: 0x0056 (Unknown: Unknown)"
"11175","2021-12-21 13:47:48.574984","0.134618","Master_0x60d988c8","Slave_0x60d988c8","ATT","39","313244325333","Sent Write Command, Handle: 0x0056 (Unknown: Unknown)"
"11179","2021-12-21 13:47:48.663991","0.089007","Master_0x60d988c8","Slave_0x60d988c8","ATT","39","313244325333","Sent Write Command, Handle: 0x0056 (Unknown: Unknown)"
"11181","2021-12-21 13:47:48.709856","0.045865","Master_0x60d988c8","Slave_0x60d988c8","ATT","39","313244325333","Sent Write Command, Handle: 0x0056 (Unknown: Unknown)"
"11185","2021-12-21 13:47:48.800012","0.090156","Master_0x60d988c8","Slave_0x60d988c8","ATT","39","313244325333","Sent Write Command, Handle: 0x0056 (Unknown: Unknown)"
"11189","2021-12-21 13:47:48.890335","0.090323","Master_0x60d988c8","Slave_0x60d988c8","ATT","39","313244325333","Sent Write Command, Handle: 0x0056 (Unknown: Unknown)"
"11195","2021-12-21 13:47:49.024876","0.134541","Master_0x60d988c8","Slave_0x60d988c8","ATT","39","313244355333","Sent Write Command, Handle: 0x0056 (Unknown: Unknown)"
"11217","2021-12-21 13:47:49.520827","0.495951","Master_0x60d988c8","Slave_0x60d988c8","ATT","39","313244325333","Sent Write Command, Handle: 0x0056 (Unknown: Unknown)"
"11223","2021-12-21 13:47:49.655811","0.134984","Master_0x60d988c8","Slave_0x60d988c8","ATT","39","313244325333","Sent Write Command, Handle: 0x0056 (Unknown: Unknown)"
"11227","2021-12-21 13:47:49.745903","0.090092","Master_0x60d988c8","Slave_0x60d988c8","ATT","39","313244325333","Sent Write Command, Handle: 0x0056 (Unknown: Unknown)"
"11233","2021-12-21 13:47:49.882040","0.136137","Master_0x60d988c8","Slave_0x60d988c8","ATT","39","313244325333","Sent Write Command, Handle: 0x0056 (Unknown: Unknown)"
"11237","2021-12-21 13:47:49.969789","0.087749","Master_0x60d988c8","Slave_0x60d988c8","ATT","39","313244325333","Sent Write Command, Handle: 0x0056 (Unknown: Unknown)"
"11241","2021-12-21 13:47:50.106161","0.136372","Master_0x60d988c8","Slave_0x60d988c8","ATT","39","313244325333","Sent Write Command, Handle: 0x0056 (Unknown: Unknown)"
"11247","2021-12-21 13:47:50.240937","0.134776","Master_0x60d988c8","Slave_0x60d988c8","ATT","39","313244325333","Sent Write Command, Handle: 0x0056 (Unknown: Unknown)"
"11251","2021-12-21 13:47:50.330519","0.089582","Master_0x60d988c8","Slave_0x60d988c8","ATT","39","313244325333","Sent Write Command, Handle: 0x0056 (Unknown: Unknown)"
"11257","2021-12-21 13:47:50.466920","0.136401","Master_0x60d988c8","Slave_0x60d988c8","ATT","39","313244355333","Sent Write Command, Handle: 0x0056 (Unknown: Unknown)"
"11455","2021-12-21 13:47:56.359191","5.892271","Master_0x60d988c8","Slave_0x60d988c8","ATT","39","313244335333","Sent Write Command, Handle: 0x0056 (Unknown: Unknown)"
"11457","2021-12-21 13:47:56.494166","0.134975","Master_0x60d988c8","Slave_0x60d988c8","ATT","39","313244335333","Sent Write Command, Handle: 0x0056 (Unknown: Unknown)"
"11461","2021-12-21 13:47:56.629947","0.135781","Master_0x60d988c8","Slave_0x60d988c8","ATT","39","313244335333","Sent Write Command, Handle: 0x0056 (Unknown: Unknown)"
"11465","2021-12-21 13:47:56.721433","0.091486","Master_0x60d988c8","Slave_0x60d988c8","ATT","39","313244335333","Sent Write Command, Handle: 0x0056 (Unknown: Unknown)"
"11471","2021-12-21 13:47:56.854880","0.133447","Master_0x60d988c8","Slave_0x60d988c8","ATT","39","313244335333","Sent Write Command, Handle: 0x0056 (Unknown: Unknown)"
"11475","2021-12-21 13:47:56.945548","0.090668","Master_0x60d988c8","Slave_0x60d988c8","ATT","39","313244335333","Sent Write Command, Handle: 0x0056 (Unknown: Unknown)"
"11481","2021-12-21 13:47:57.079787","0.134239","Master_0x60d988c8","Slave_0x60d988c8","ATT","39","313244355333","Sent Write Command, Handle: 0x0056 (Unknown: Unknown)"
"11501","2021-12-21 13:47:57.574878","0.495091","Master_0x60d988c8","Slave_0x60d988c8","ATT","39","313244335333","Sent Write Command, Handle: 0x0056 (Unknown: Unknown)"
"11505","2021-12-21 13:47:57.708375","0.133497","Master_0x60d988c8","Slave_0x60d988c8","ATT","39","313244335333","Sent Write Command, Handle: 0x0056 (Unknown: Unknown)"
"11511","2021-12-21 13:47:57.843758","0.135383","Master_0x60d988c8","Slave_0x60d988c8","ATT","39","313244335333","Sent Write Command, Handle: 0x0056 (Unknown: Unknown)"
"11515","2021-12-21 13:47:57.934860","0.091102","Master_0x60d988c8","Slave_0x60d988c8","ATT","39","313244335333","Sent Write Command, Handle: 0x0056 (Unknown: Unknown)"
"11521","2021-12-21 13:47:58.068927","0.134067","Master_0x60d988c8","Slave_0x60d988c8","ATT","39","313244335333","Sent Write Command, Handle: 0x0056 (Unknown: Unknown)"
"11525","2021-12-21 13:47:58.158816","0.089889","Master_0x60d988c8","Slave_0x60d988c8","ATT","39","313244335333","Sent Write Command, Handle: 0x0056 (Unknown: Unknown)"
"11530","2021-12-21 13:47:58.294141","0.135325","Master_0x60d988c8","Slave_0x60d988c8","ATT","39","313244335333","Sent Write Command, Handle: 0x0056 (Unknown: Unknown)"
"11534","2021-12-21 13:47:58.383861","0.089720","Master_0x60d988c8","Slave_0x60d988c8","ATT","39","313244355333","Sent Write Command, Handle: 0x0056 (Unknown: Unknown)"
"11903","2021-12-21 13:48:08.553726","10.169865","Master_0x60d988c8","Slave_0x60d988c8","ATT","39","313244305332","Sent Write Command, Handle: 0x0056 (Unknown: Unknown)"
"11905","2021-12-21 13:48:08.598723","0.044997","Master_0x60d988c8","Slave_0x60d988c8","ATT","39","313244305332","Sent Write Command, Handle: 0x0056 (Unknown: Unknown)"
"11907","2021-12-21 13:48:08.643728","0.045005","Master_0x60d988c8","Slave_0x60d988c8","ATT","39","313244305332","Sent Write Command, Handle: 0x0056 (Unknown: Unknown)"
"11909","2021-12-21 13:48:08.778497","0.134769","Master_0x60d988c8","Slave_0x60d988c8","ATT","39","313244305332","Sent Write Command, Handle: 0x0056 (Unknown: Unknown)"
"11913","2021-12-21 13:48:08.868795","0.090298","Master_0x60d988c8","Slave_0x60d988c8","ATT","39","313244305332","Sent Write Command, Handle: 0x0056 (Unknown: Unknown)"
"11919","2021-12-21 13:48:09.003980","0.135185","Master_0x60d988c8","Slave_0x60d988c8","ATT","39","313244305332","Sent Write Command, Handle: 0x0056 (Unknown: Unknown)"
"11923","2021-12-21 13:48:09.094193","0.090213","Master_0x60d988c8","Slave_0x60d988c8","ATT","39","313244305332","Sent Write Command, Handle: 0x0056 (Unknown: Unknown)"
"11929","2021-12-21 13:48:09.228844","0.134651","Master_0x60d988c8","Slave_0x60d988c8","ATT","39","313244355332","Sent Write Command, Handle: 0x0056 (Unknown: Unknown)"
"11963","2021-12-21 13:48:09.993705","0.764861","Master_0x60d988c8","Slave_0x60d988c8","ATT","39","313244305332","Sent Write Command, Handle: 0x0056 (Unknown: Unknown)"
"11969","2021-12-21 13:48:10.128531","0.134826","Master_0x60d988c8","Slave_0x60d988c8","ATT","39","313244305332","Sent Write Command, Handle: 0x0056 (Unknown: Unknown)"
"11973","2021-12-21 13:48:10.218666","0.090135","Master_0x60d988c8","Slave_0x60d988c8","ATT","39","313244305332","Sent Write Command, Handle: 0x0056 (Unknown: Unknown)"
"11979","2021-12-21 13:48:10.352827","0.134161","Master_0x60d988c8","Slave_0x60d988c8","ATT","39","313244305332","Sent Write Command, Handle: 0x0056 (Unknown: Unknown)"
"11983","2021-12-21 13:48:10.442497","0.089670","Master_0x60d988c8","Slave_0x60d988c8","ATT","39","313244305332","Sent Write Command, Handle: 0x0056 (Unknown: Unknown)"
"11985","2021-12-21 13:48:10.487576","0.045079","Master_0x60d988c8","Slave_0x60d988c8","ATT","39","313244305332","Sent Write Command, Handle: 0x0056 (Unknown: Unknown)"
"11991","2021-12-21 13:48:10.667796","0.180220","Master_0x60d988c8","Slave_0x60d988c8","ATT","39","313244355332","Sent Write Command, Handle: 0x0056 (Unknown: Unknown)"
"12178","2021-12-21 13:48:16.248625","5.580829","Master_0x60d988c8","Slave_0x60d988c8","ATT","39","313244315332","Sent Write Command, Handle: 0x0056 (Unknown: Unknown)"
"12182","2021-12-21 13:48:16.382277","0.133652","Master_0x60d988c8","Slave_0x60d988c8","ATT","39","313244315332","Sent Write Command, Handle: 0x0056 (Unknown: Unknown)"
"12186","2021-12-21 13:48:16.517446","0.135169","Master_0x60d988c8","Slave_0x60d988c8","ATT","39","313244315332","Sent Write Command, Handle: 0x0056 (Unknown: Unknown)"
"12188","2021-12-21 13:48:16.607823","0.090377","Master_0x60d988c8","Slave_0x60d988c8","ATT","39","313244315332","Sent Write Command, Handle: 0x0056 (Unknown: Unknown)"
"12190","2021-12-21 13:48:16.655406","0.047583","Master_0x60d988c8","Slave_0x60d988c8","ATT","39","313244315332","Sent Write Command, Handle: 0x0056 (Unknown: Unknown)"
"12192","2021-12-21 13:48:16.698751","0.043345","Master_0x60d988c8","Slave_0x60d988c8","ATT","39","313244315332","Sent Write Command, Handle: 0x0056 (Unknown: Unknown)"
"12194","2021-12-21 13:48:16.831983","0.133232","Master_0x60d988c8","Slave_0x60d988c8","ATT","39","313244315332","Sent Write Command, Handle: 0x0056 (Unknown: Unknown)"
"12195","2021-12-21 13:48:16.878161","0.046178","Master_0x60d988c8","Slave_0x60d988c8","ATT","39","313244315332","Sent Write Command, Handle: 0x0056 (Unknown: Unknown)"
"12197","2021-12-21 13:48:16.923447","0.045286","Master_0x60d988c8","Slave_0x60d988c8","ATT","39","313244355332","Sent Write Command, Handle: 0x0056 (Unknown: Unknown)"
"12220","2021-12-21 13:48:17.463057","0.539610","Master_0x60d988c8","Slave_0x60d988c8","ATT","39","313244315332","Sent Write Command, Handle: 0x0056 (Unknown: Unknown)"
"12224","2021-12-21 13:48:17.553412","0.090355","Master_0x60d988c8","Slave_0x60d988c8","ATT","39","313244315332","Sent Write Command, Handle: 0x0056 (Unknown: Unknown)"
"12229","2021-12-21 13:48:17.686800","0.133388","Master_0x60d988c8","Slave_0x60d988c8","ATT","39","313244315332","Sent Write Command, Handle: 0x0056 (Unknown: Unknown)"
"12235","2021-12-21 13:48:17.824699","0.137899","Master_0x60d988c8","Slave_0x60d988c8","ATT","39","313244315332","Sent Write Command, Handle: 0x0056 (Unknown: Unknown)"
"12239","2021-12-21 13:48:17.912427","0.087728","Master_0x60d988c8","Slave_0x60d988c8","ATT","39","313244315332","Sent Write Command, Handle: 0x0056 (Unknown: Unknown)"
"12245","2021-12-21 13:48:18.048404","0.135977","Master_0x60d988c8","Slave_0x60d988c8","ATT","39","313244355332","Sent Write Command, Handle: 0x0056 (Unknown: Unknown)"
"12429","2021-12-21 13:48:23.042512","4.994108","Master_0x60d988c8","Slave_0x60d988c8","ATT","39","313244325332","Sent Write Command, Handle: 0x0056 (Unknown: Unknown)"
"12435","2021-12-21 13:48:23.179740","0.137228","Master_0x60d988c8","Slave_0x60d988c8","ATT","39","313244325332","Sent Write Command, Handle: 0x0056 (Unknown: Unknown)"
"12439","2021-12-21 13:48:23.269734","0.089994","Master_0x60d988c8","Slave_0x60d988c8","ATT","39","313244325332","Sent Write Command, Handle: 0x0056 (Unknown: Unknown)"
"12445","2021-12-21 13:48:23.404756","0.135022","Master_0x60d988c8","Slave_0x60d988c8","ATT","39","313244325332","Sent Write Command, Handle: 0x0056 (Unknown: Unknown)"
"12449","2021-12-21 13:48:23.494778","0.090022","Master_0x60d988c8","Slave_0x60d988c8","ATT","39","313244325332","Sent Write Command, Handle: 0x0056 (Unknown: Unknown)"
"12451","2021-12-21 13:48:23.539607","0.044829","Master_0x60d988c8","Slave_0x60d988c8","ATT","39","313244325332","Sent Write Command, Handle: 0x0056 (Unknown: Unknown)"
"12453","2021-12-21 13:48:23.583381","0.043774","Master_0x60d988c8","Slave_0x60d988c8","ATT","39","313244325332","Sent Write Command, Handle: 0x0056 (Unknown: Unknown)"
"12455","2021-12-21 13:48:23.673378","0.089997","Master_0x60d988c8","Slave_0x60d988c8","ATT","39","313244355332","Sent Write Command, Handle: 0x0056 (Unknown: Unknown)"
"12465","2021-12-21 13:48:24.168543","0.495165","Master_0x60d988c8","Slave_0x60d988c8","ATT","39","313244325332","Sent Write Command, Handle: 0x0056 (Unknown: Unknown)"
"12469","2021-12-21 13:48:24.302451","0.133908","Master_0x60d988c8","Slave_0x60d988c8","ATT","39","313244325332","Sent Write Command, Handle: 0x0056 (Unknown: Unknown)"
"12471","2021-12-21 13:48:24.392710","0.090259","Master_0x60d988c8","Slave_0x60d988c8","ATT","39","313244325332","Sent Write Command, Handle: 0x0056 (Unknown: Unknown)"
"12475","2021-12-21 13:48:24.527911","0.135201","Master_0x60d988c8","Slave_0x60d988c8","ATT","39","313244325332","Sent Write Command, Handle: 0x0056 (Unknown: Unknown)"
"12479","2021-12-21 13:48:24.663532","0.135621","Master_0x60d988c8","Slave_0x60d988c8","ATT","39","313244325332","Sent Write Command, Handle: 0x0056 (Unknown: Unknown)"
"12481","2021-12-21 13:48:24.707443","0.043911","Master_0x60d988c8","Slave_0x60d988c8","ATT","39","313244325332","Sent Write Command, Handle: 0x0056 (Unknown: Unknown)"
"12483","2021-12-21 13:48:24.843385","0.135942","Master_0x60d988c8","Slave_0x60d988c8","ATT","39","313244355332","Sent Write Command, Handle: 0x0056 (Unknown: Unknown)"
"12795","2021-12-21 13:48:32.943339","8.099954","Master_0x60d988c8","Slave_0x60d988c8","ATT","39","313244335332","Sent Write Command, Handle: 0x0056 (Unknown: Unknown)"
"12799","2021-12-21 13:48:33.122680","0.179341","Master_0x60d988c8","Slave_0x60d988c8","ATT","39","313244335332","Sent Write Command, Handle: 0x0056 (Unknown: Unknown)"
"12801","2021-12-21 13:48:33.168295","0.045615","Master_0x60d988c8","Slave_0x60d988c8","ATT","39","313244335332","Sent Write Command, Handle: 0x0056 (Unknown: Unknown)"
"12803","2021-12-21 13:48:33.302387","0.134092","Master_0x60d988c8","Slave_0x60d988c8","ATT","39","313244335332","Sent Write Command, Handle: 0x0056 (Unknown: Unknown)"
"12807","2021-12-21 13:48:33.393470","0.091083","Master_0x60d988c8","Slave_0x60d988c8","ATT","39","313244335332","Sent Write Command, Handle: 0x0056 (Unknown: Unknown)"
"12813","2021-12-21 13:48:33.528466","0.134996","Master_0x60d988c8","Slave_0x60d988c8","ATT","39","313244335332","Sent Write Command, Handle: 0x0056 (Unknown: Unknown)"
"12817","2021-12-21 13:48:33.617455","0.088989","Master_0x60d988c8","Slave_0x60d988c8","ATT","39","313244355332","Sent Write Command, Handle: 0x0056 (Unknown: Unknown)"
"12839","2021-12-21 13:48:34.158339","0.540884","Master_0x60d988c8","Slave_0x60d988c8","ATT","39","313244335332","Sent Write Command, Handle: 0x0056 (Unknown: Unknown)"
"12845","2021-12-21 13:48:34.292923","0.134584","Master_0x60d988c8","Slave_0x60d988c8","ATT","39","313244335332","Sent Write Command, Handle: 0x0056 (Unknown: Unknown)"
"12849","2021-12-21 13:48:34.384740","0.091817","Master_0x60d988c8","Slave_0x60d988c8","ATT","39","313244335332","Sent Write Command, Handle: 0x0056 (Unknown: Unknown)"
"12855","2021-12-21 13:48:34.518232","0.133492","Master_0x60d988c8","Slave_0x60d988c8","ATT","39","313244335332","Sent Write Command, Handle: 0x0056 (Unknown: Unknown)"
"12857","2021-12-21 13:48:34.564702","0.046470","Master_0x60d988c8","Slave_0x60d988c8","ATT","39","313244335332","Sent Write Command, Handle: 0x0056 (Unknown: Unknown)"
"12859","2021-12-21 13:48:34.608371","0.043669","Master_0x60d988c8","Slave_0x60d988c8","ATT","39","313244335332","Sent Write Command, Handle: 0x0056 (Unknown: Unknown)"
"12865","2021-12-21 13:48:34.742789","0.134418","Master_0x60d988c8","Slave_0x60d988c8","ATT","39","313244335332","Sent Write Command, Handle: 0x0056 (Unknown: Unknown)"
"12869","2021-12-21 13:48:34.833377","0.090588","Master_0x60d988c8","Slave_0x60d988c8","ATT","39","313244335332","Sent Write Command, Handle: 0x0056 (Unknown: Unknown)"
"12875","2021-12-21 13:48:34.967458","0.134081","Master_0x60d988c8","Slave_0x60d988c8","ATT","39","313244355332","Sent Write Command, Handle: 0x0056 (Unknown: Unknown)"
"13318","2021-12-21 13:48:47.252786","12.285328","Master_0x60d988c8","Slave_0x60d988c8","ATT","39","313244305331","Sent Write Command, Handle: 0x0056 (Unknown: Unknown)"
"13322","2021-12-21 13:48:47.343360","0.090574","Master_0x60d988c8","Slave_0x60d988c8","ATT","39","313244305331","Sent Write Command, Handle: 0x0056 (Unknown: Unknown)"
"13328","2021-12-21 13:48:47.478627","0.135267","Master_0x60d988c8","Slave_0x60d988c8","ATT","39","313244305331","Sent Write Command, Handle: 0x0056 (Unknown: Unknown)"
"13332","2021-12-21 13:48:47.568258","0.089631","Master_0x60d988c8","Slave_0x60d988c8","ATT","39","313244305331","Sent Write Command, Handle: 0x0056 (Unknown: Unknown)"
"13338","2021-12-21 13:48:47.703387","0.135129","Master_0x60d988c8","Slave_0x60d988c8","ATT","39","313244305331","Sent Write Command, Handle: 0x0056 (Unknown: Unknown)"
"13342","2021-12-21 13:48:47.792719","0.089332","Master_0x60d988c8","Slave_0x60d988c8","ATT","39","313244305331","Sent Write Command, Handle: 0x0056 (Unknown: Unknown)"
"13348","2021-12-21 13:48:47.927114","0.134395","Master_0x60d988c8","Slave_0x60d988c8","ATT","39","313244355331","Sent Write Command, Handle: 0x0056 (Unknown: Unknown)"
"13362","2021-12-21 13:48:48.242578","0.315464","Master_0x60d988c8","Slave_0x60d988c8","ATT","39","313244305331","Sent Write Command, Handle: 0x0056 (Unknown: Unknown)"
"13368","2021-12-21 13:48:48.377379","0.134801","Master_0x60d988c8","Slave_0x60d988c8","ATT","39","313244305331","Sent Write Command, Handle: 0x0056 (Unknown: Unknown)"
"13372","2021-12-21 13:48:48.512609","0.135230","Master_0x60d988c8","Slave_0x60d988c8","ATT","39","313244305331","Sent Write Command, Handle: 0x0056 (Unknown: Unknown)"
"13376","2021-12-21 13:48:48.648390","0.135781","Master_0x60d988c8","Slave_0x60d988c8","ATT","39","313244305331","Sent Write Command, Handle: 0x0056 (Unknown: Unknown)"
"13378","2021-12-21 13:48:48.692454","0.044064","Master_0x60d988c8","Slave_0x60d988c8","ATT","39","313244305331","Sent Write Command, Handle: 0x0056 (Unknown: Unknown)"
"13380","2021-12-21 13:48:48.827728","0.135274","Master_0x60d988c8","Slave_0x60d988c8","ATT","39","313244305331","Sent Write Command, Handle: 0x0056 (Unknown: Unknown)"
"13382","2021-12-21 13:48:48.962142","0.134414","Master_0x60d988c8","Slave_0x60d988c8","ATT","39","313244305331","Sent Write Command, Handle: 0x0056 (Unknown: Unknown)"
"13386","2021-12-21 13:48:49.098765","0.136623","Master_0x60d988c8","Slave_0x60d988c8","ATT","39","313244355331","Sent Write Command, Handle: 0x0056 (Unknown: Unknown)"
"13545","2021-12-21 13:48:53.372128","4.273363","Master_0x60d988c8","Slave_0x60d988c8","ATT","39","313244315331","Sent Write Command, Handle: 0x0056 (Unknown: Unknown)"
"13547","2021-12-21 13:48:53.507395","0.135267","Master_0x60d988c8","Slave_0x60d988c8","ATT","39","313244315331","Sent Write Command, Handle: 0x0056 (Unknown: Unknown)"
"13551","2021-12-21 13:48:53.642112","0.134717","Master_0x60d988c8","Slave_0x60d988c8","ATT","39","313244315331","Sent Write Command, Handle: 0x0056 (Unknown: Unknown)"
"13555","2021-12-21 13:48:53.777924","0.135812","Master_0x60d988c8","Slave_0x60d988c8","ATT","39","313244315331","Sent Write Command, Handle: 0x0056 (Unknown: Unknown)"
"13557","2021-12-21 13:48:53.822682","0.044758","Master_0x60d988c8","Slave_0x60d988c8","ATT","39","313244315331","Sent Write Command, Handle: 0x0056 (Unknown: Unknown)"
"13561","2021-12-21 13:48:53.957481","0.134799","Master_0x60d988c8","Slave_0x60d988c8","ATT","39","313244315331","Sent Write Command, Handle: 0x0056 (Unknown: Unknown)"
"13565","2021-12-21 13:48:54.048603","0.091122","Master_0x60d988c8","Slave_0x60d988c8","ATT","39","313244355331","Sent Write Command, Handle: 0x0056 (Unknown: Unknown)"
"13585","2021-12-21 13:48:54.497766","0.449163","Master_0x60d988c8","Slave_0x60d988c8","ATT","39","313244315331","Sent Write Command, Handle: 0x0056 (Unknown: Unknown)"
"13591","2021-12-21 13:48:54.632479","0.134713","Master_0x60d988c8","Slave_0x60d988c8","ATT","39","313244315331","Sent Write Command, Handle: 0x0056 (Unknown: Unknown)"
"13595","2021-12-21 13:48:54.723436","0.090957","Master_0x60d988c8","Slave_0x60d988c8","ATT","39","313244315331","Sent Write Command, Handle: 0x0056 (Unknown: Unknown)"
"13601","2021-12-21 13:48:54.857845","0.134409","Master_0x60d988c8","Slave_0x60d988c8","ATT","39","313244315331","Sent Write Command, Handle: 0x0056 (Unknown: Unknown)"
"13607","2021-12-21 13:48:54.993511","0.135666","Master_0x60d988c8","Slave_0x60d988c8","ATT","39","313244315331","Sent Write Command, Handle: 0x0056 (Unknown: Unknown)"
"13611","2021-12-21 13:48:55.084709","0.091198","Master_0x60d988c8","Slave_0x60d988c8","ATT","39","313244355331","Sent Write Command, Handle: 0x0056 (Unknown: Unknown)"
"13815","2021-12-21 13:49:00.708369","5.623660","Master_0x60d988c8","Slave_0x60d988c8","ATT","39","313244325331","Sent Write Command, Handle: 0x0056 (Unknown: Unknown)"
"13821","2021-12-21 13:49:00.842398","0.134029","Master_0x60d988c8","Slave_0x60d988c8","ATT","39","313244325331","Sent Write Command, Handle: 0x0056 (Unknown: Unknown)"
"13825","2021-12-21 13:49:00.932235","0.089837","Master_0x60d988c8","Slave_0x60d988c8","ATT","39","313244355331","Sent Write Command, Handle: 0x0056 (Unknown: Unknown)"
"13839","2021-12-21 13:49:01.519028","0.586793","Master_0x60d988c8","Slave_0x60d988c8","ATT","39","313244325331","Sent Write Command, Handle: 0x0056 (Unknown: Unknown)"
"13843","2021-12-21 13:49:01.654779","0.135751","Master_0x60d988c8","Slave_0x60d988c8","ATT","39","313244325331","Sent Write Command, Handle: 0x0056 (Unknown: Unknown)"
"13847","2021-12-21 13:49:01.788843","0.134064","Master_0x60d988c8","Slave_0x60d988c8","ATT","39","313244325331","Sent Write Command, Handle: 0x0056 (Unknown: Unknown)"
"13851","2021-12-21 13:49:01.923376","0.134533","Master_0x60d988c8","Slave_0x60d988c8","ATT","39","313244325331","Sent Write Command, Handle: 0x0056 (Unknown: Unknown)"
"13853","2021-12-21 13:49:01.967633","0.044257","Master_0x60d988c8","Slave_0x60d988c8","ATT","39","313244325331","Sent Write Command, Handle: 0x0056 (Unknown: Unknown)"
"13855","2021-12-21 13:49:02.013331","0.045698","Master_0x60d988c8","Slave_0x60d988c8","ATT","39","313244325331","Sent Write Command, Handle: 0x0056 (Unknown: Unknown)"
"13859","2021-12-21 13:49:02.148357","0.135026","Master_0x60d988c8","Slave_0x60d988c8","ATT","39","313244325331","Sent Write Command, Handle: 0x0056 (Unknown: Unknown)"
"13863","2021-12-21 13:49:02.237920","0.089563","Master_0x60d988c8","Slave_0x60d988c8","ATT","39","313244355331","Sent Write Command, Handle: 0x0056 (Unknown: Unknown)"
"13869","2021-12-21 13:49:02.372336","0.134416","Master_0x60d988c8","Slave_0x60d988c8","ATT","39","313244325331","Sent Write Command, Handle: 0x0056 (Unknown: Unknown)"
"13875","2021-12-21 13:49:02.506793","0.134457","Master_0x60d988c8","Slave_0x60d988c8","ATT","39","313244325331","Sent Write Command, Handle: 0x0056 (Unknown: Unknown)"
"13879","2021-12-21 13:49:02.599724","0.092931","Master_0x60d988c8","Slave_0x60d988c8","ATT","39","313244325331","Sent Write Command, Handle: 0x0056 (Unknown: Unknown)"
"13883","2021-12-21 13:49:02.734522","0.134798","Master_0x60d988c8","Slave_0x60d988c8","ATT","39","313244355331","Sent Write Command, Handle: 0x0056 (Unknown: Unknown)"
"14189","2021-12-21 13:49:11.103520","8.368998","Master_0x60d988c8","Slave_0x60d988c8","ATT","39","313244335331","Sent Write Command, Handle: 0x0056 (Unknown: Unknown)"
"14193","2021-12-21 13:49:11.192647","0.089127","Master_0x60d988c8","Slave_0x60d988c8","ATT","39","313244335331","Sent Write Command, Handle: 0x0056 (Unknown: Unknown)"
"14199","2021-12-21 13:49:11.327728","0.135081","Master_0x60d988c8","Slave_0x60d988c8","ATT","39","313244335331","Sent Write Command, Handle: 0x0056 (Unknown: Unknown)"
"14205","2021-12-21 13:49:11.462450","0.134722","Master_0x60d988c8","Slave_0x60d988c8","ATT","39","313244335331","Sent Write Command, Handle: 0x0056 (Unknown: Unknown)"
"14209","2021-12-21 13:49:11.553542","0.091092","Master_0x60d988c8","Slave_0x60d988c8","ATT","39","313244335331","Sent Write Command, Handle: 0x0056 (Unknown: Unknown)"
"14215","2021-12-21 13:49:11.688461","0.134919","Master_0x60d988c8","Slave_0x60d988c8","ATT","39","313244355331","Sent Write Command, Handle: 0x0056 (Unknown: Unknown)"
"14229","2021-12-21 13:49:12.003422","0.314961","Master_0x60d988c8","Slave_0x60d988c8","ATT","39","313244335331","Sent Write Command, Handle: 0x0056 (Unknown: Unknown)"
"14235","2021-12-21 13:49:12.138576","0.135154","Master_0x60d988c8","Slave_0x60d988c8","ATT","39","313244335331","Sent Write Command, Handle: 0x0056 (Unknown: Unknown)"
"14239","2021-12-21 13:49:12.226856","0.088280","Master_0x60d988c8","Slave_0x60d988c8","ATT","39","313244335331","Sent Write Command, Handle: 0x0056 (Unknown: Unknown)"
"14245","2021-12-21 13:49:12.363503","0.136647","Master_0x60d988c8","Slave_0x60d988c8","ATT","39","313244335331","Sent Write Command, Handle: 0x0056 (Unknown: Unknown)"
"14249","2021-12-21 13:49:12.454730","0.091227","Master_0x60d988c8","Slave_0x60d988c8","ATT","39","313244335331","Sent Write Command, Handle: 0x0056 (Unknown: Unknown)"
"14255","2021-12-21 13:49:12.587505","0.132775","Master_0x60d988c8","Slave_0x60d988c8","ATT","39","313244335331","Sent Write Command, Handle: 0x0056 (Unknown: Unknown)"
"14259","2021-12-21 13:49:12.722489","0.134984","Master_0x60d988c8","Slave_0x60d988c8","ATT","39","313244355331","Sent Write Command, Handle: 0x0056 (Unknown: Unknown)"
"14883","2021-12-21 13:49:30.499635","17.777146","Master_0x60d988c8","Slave_0x60d988c8","ATT","39","313244305330","Sent Write Command, Handle: 0x0056 (Unknown: Unknown)"
"14889","2021-12-21 13:49:30.634882","0.135247","Master_0x60d988c8","Slave_0x60d988c8","ATT","39","313244305330","Sent Write Command, Handle: 0x0056 (Unknown: Unknown)"
"14890","2021-12-21 13:49:30.677451","0.042569","Master_0x60d988c8","Slave_0x60d988c8","ATT","39","313244305330","Sent Write Command, Handle: 0x0056 (Unknown: Unknown)"
"14892","2021-12-21 13:49:30.723781","0.046330","Master_0x60d988c8","Slave_0x60d988c8","ATT","39","313244305330","Sent Write Command, Handle: 0x0056 (Unknown: Unknown)"
"14898","2021-12-21 13:49:30.857488","0.133707","Master_0x60d988c8","Slave_0x60d988c8","ATT","39","313244305330","Sent Write Command, Handle: 0x0056 (Unknown: Unknown)"
"14902","2021-12-21 13:49:30.948851","0.091363","Master_0x60d988c8","Slave_0x60d988c8","ATT","39","313244305330","Sent Write Command, Handle: 0x0056 (Unknown: Unknown)"
"14908","2021-12-21 13:49:31.083193","0.134342","Master_0x60d988c8","Slave_0x60d988c8","ATT","39","313244355330","Sent Write Command, Handle: 0x0056 (Unknown: Unknown)"
"14916","2021-12-21 13:49:31.309713","0.226520","Master_0x60d988c8","Slave_0x60d988c8","ATT","39","313244305330","Sent Write Command, Handle: 0x0056 (Unknown: Unknown)"
"14922","2021-12-21 13:49:31.444042","0.134329","Master_0x60d988c8","Slave_0x60d988c8","ATT","39","313244305330","Sent Write Command, Handle: 0x0056 (Unknown: Unknown)"
"14926","2021-12-21 13:49:31.532433","0.088391","Master_0x60d988c8","Slave_0x60d988c8","ATT","39","313244305330","Sent Write Command, Handle: 0x0056 (Unknown: Unknown)"
"14932","2021-12-21 13:49:31.670156","0.137723","Master_0x60d988c8","Slave_0x60d988c8","ATT","39","313244305330","Sent Write Command, Handle: 0x0056 (Unknown: Unknown)"
"14934","2021-12-21 13:49:31.671738","0.001582","Master_0x60d988c8","Slave_0x60d988c8","ATT","39","313244305330","Sent Write Command, Handle: 0x0056 (Unknown: Unknown)"
"14935","2021-12-21 13:49:31.712498","0.040760","Master_0x60d988c8","Slave_0x60d988c8","ATT","39","313244305330","Sent Write Command, Handle: 0x0056 (Unknown: Unknown)"
"14939","2021-12-21 13:49:31.803372","0.090874","Master_0x60d988c8","Slave_0x60d988c8","ATT","39","313244305330","Sent Write Command, Handle: 0x0056 (Unknown: Unknown)"
"14943","2021-12-21 13:49:31.893384","0.090012","Master_0x60d988c8","Slave_0x60d988c8","ATT","39","313244305330","Sent Write Command, Handle: 0x0056 (Unknown: Unknown)"
"14949","2021-12-21 13:49:32.028393","0.135009","Master_0x60d988c8","Slave_0x60d988c8","ATT","39","313244355330","Sent Write Command, Handle: 0x0056 (Unknown: Unknown)"
"15210","2021-12-21 13:49:39.543471","7.515078","Master_0x60d988c8","Slave_0x60d988c8","ATT","39","313244315330","Sent Write Command, Handle: 0x0056 (Unknown: Unknown)"
"15216","2021-12-21 13:49:39.678363","0.134892","Master_0x60d988c8","Slave_0x60d988c8","ATT","39","313244315330","Sent Write Command, Handle: 0x0056 (Unknown: Unknown)"
"15220","2021-12-21 13:49:39.768424","0.090061","Master_0x60d988c8","Slave_0x60d988c8","ATT","39","313244315330","Sent Write Command, Handle: 0x0056 (Unknown: Unknown)"
"15226","2021-12-21 13:49:39.902402","0.133978","Master_0x60d988c8","Slave_0x60d988c8","ATT","39","313244315330","Sent Write Command, Handle: 0x0056 (Unknown: Unknown)"
"15230","2021-12-21 13:49:39.992476","0.090074","Master_0x60d988c8","Slave_0x60d988c8","ATT","39","313244315330","Sent Write Command, Handle: 0x0056 (Unknown: Unknown)"
"15236","2021-12-21 13:49:40.128643","0.136167","Master_0x60d988c8","Slave_0x60d988c8","ATT","39","313244355330","Sent Write Command, Handle: 0x0056 (Unknown: Unknown)"
"15246","2021-12-21 13:49:40.354522","0.225879","Master_0x60d988c8","Slave_0x60d988c8","ATT","39","313244315330","Sent Write Command, Handle: 0x0056 (Unknown: Unknown)"
"15250","2021-12-21 13:49:40.443284","0.088762","Master_0x60d988c8","Slave_0x60d988c8","ATT","39","313244315330","Sent Write Command, Handle: 0x0056 (Unknown: Unknown)"
"15256","2021-12-21 13:49:40.578305","0.135021","Master_0x60d988c8","Slave_0x60d988c8","ATT","39","313244315330","Sent Write Command, Handle: 0x0056 (Unknown: Unknown)"
"15260","2021-12-21 13:49:40.668156","0.089851","Master_0x60d988c8","Slave_0x60d988c8","ATT","39","313244315330","Sent Write Command, Handle: 0x0056 (Unknown: Unknown)"
"15266","2021-12-21 13:49:40.802592","0.134436","Master_0x60d988c8","Slave_0x60d988c8","ATT","39","313244315330","Sent Write Command, Handle: 0x0056 (Unknown: Unknown)"
"15272","2021-12-21 13:49:40.937629","0.135037","Master_0x60d988c8","Slave_0x60d988c8","ATT","39","313244315330","Sent Write Command, Handle: 0x0056 (Unknown: Unknown)"
"15276","2021-12-21 13:49:41.028415","0.090786","Master_0x60d988c8","Slave_0x60d988c8","ATT","39","313244355330","Sent Write Command, Handle: 0x0056 (Unknown: Unknown)"
"15518","2021-12-21 13:49:47.958270","6.929855","Master_0x60d988c8","Slave_0x60d988c8","ATT","39","313244325330","Sent Write Command, Handle: 0x0056 (Unknown: Unknown)"
"15524","2021-12-21 13:49:48.092149","0.133879","Master_0x60d988c8","Slave_0x60d988c8","ATT","39","313244325330","Sent Write Command, Handle: 0x0056 (Unknown: Unknown)"
"15530","2021-12-21 13:49:48.228397","0.136248","Master_0x60d988c8","Slave_0x60d988c8","ATT","39","313244325330","Sent Write Command, Handle: 0x0056 (Unknown: Unknown)"
"15534","2021-12-21 13:49:48.318695","0.090298","Master_0x60d988c8","Slave_0x60d988c8","ATT","39","313244325330","Sent Write Command, Handle: 0x0056 (Unknown: Unknown)"
"15542","2021-12-21 13:49:48.498498","0.179803","Master_0x60d988c8","Slave_0x60d988c8","ATT","39","313244325330","Sent Write Command, Handle: 0x0056 (Unknown: Unknown)"
"15544","2021-12-21 13:49:48.543861","0.045363","Master_0x60d988c8","Slave_0x60d988c8","ATT","39","313244325330","Sent Write Command, Handle: 0x0056 (Unknown: Unknown)"
"15550","2021-12-21 13:49:48.677515","0.133654","Master_0x60d988c8","Slave_0x60d988c8","ATT","39","313244355330","Sent Write Command, Handle: 0x0056 (Unknown: Unknown)"
"15556","2021-12-21 13:49:48.858402","0.180887","Master_0x60d988c8","Slave_0x60d988c8","ATT","39","313244325330","Sent Write Command, Handle: 0x0056 (Unknown: Unknown)"
"15562","2021-12-21 13:49:48.993509","0.135107","Master_0x60d988c8","Slave_0x60d988c8","ATT","39","313244325330","Sent Write Command, Handle: 0x0056 (Unknown: Unknown)"
"15568","2021-12-21 13:49:49.127672","0.134163","Master_0x60d988c8","Slave_0x60d988c8","ATT","39","313244325330","Sent Write Command, Handle: 0x0056 (Unknown: Unknown)"
"15572","2021-12-21 13:49:49.217460","0.089788","Master_0x60d988c8","Slave_0x60d988c8","ATT","39","313244325330","Sent Write Command, Handle: 0x0056 (Unknown: Unknown)"
"15578","2021-12-21 13:49:49.354804","0.137344","Master_0x60d988c8","Slave_0x60d988c8","ATT","39","313244325330","Sent Write Command, Handle: 0x0056 (Unknown: Unknown)"
"15582","2021-12-21 13:49:49.443492","0.088688","Master_0x60d988c8","Slave_0x60d988c8","ATT","39","313244325330","Sent Write Command, Handle: 0x0056 (Unknown: Unknown)"
"15588","2021-12-21 13:49:49.579773","0.136281","Master_0x60d988c8","Slave_0x60d988c8","ATT","39","313244325330","Sent Write Command, Handle: 0x0056 (Unknown: Unknown)"
"15592","2021-12-21 13:49:49.668460","0.088687","Master_0x60d988c8","Slave_0x60d988c8","ATT","39","313244325330","Sent Write Command, Handle: 0x0056 (Unknown: Unknown)"
"15598","2021-12-21 13:49:49.802530","0.134070","Master_0x60d988c8","Slave_0x60d988c8","ATT","39","313244355330","Sent Write Command, Handle: 0x0056 (Unknown: Unknown)"
"16274","2021-12-21 13:50:09.108925","19.306395","Master_0x60d988c8","Slave_0x60d988c8","ATT","39","313244335330","Sent Write Command, Handle: 0x0056 (Unknown: Unknown)"
"16280","2021-12-21 13:50:09.242444","0.133519","Master_0x60d988c8","Slave_0x60d988c8","ATT","39","313244335330","Sent Write Command, Handle: 0x0056 (Unknown: Unknown)"
"16282","2021-12-21 13:50:09.289914","0.047470","Master_0x60d988c8","Slave_0x60d988c8","ATT","39","313244335330","Sent Write Command, Handle: 0x0056 (Unknown: Unknown)"
"16284","2021-12-21 13:50:09.332356","0.042442","Master_0x60d988c8","Slave_0x60d988c8","ATT","39","313244335330","Sent Write Command, Handle: 0x0056 (Unknown: Unknown)"
"16288","2021-12-21 13:50:09.424763","0.092407","Master_0x60d988c8","Slave_0x60d988c8","ATT","39","313244335330","Sent Write Command, Handle: 0x0056 (Unknown: Unknown)"
"16294","2021-12-21 13:50:09.559167","0.134404","Master_0x60d988c8","Slave_0x60d988c8","ATT","39","313244335330","Sent Write Command, Handle: 0x0056 (Unknown: Unknown)"
"16298","2021-12-21 13:50:09.648864","0.089697","Master_0x60d988c8","Slave_0x60d988c8","ATT","39","313244335330","Sent Write Command, Handle: 0x0056 (Unknown: Unknown)"
"16304","2021-12-21 13:50:09.784968","0.136104","Master_0x60d988c8","Slave_0x60d988c8","ATT","39","313244335330","Sent Write Command, Handle: 0x0056 (Unknown: Unknown)"
"16308","2021-12-21 13:50:09.874905","0.089937","Master_0x60d988c8","Slave_0x60d988c8","ATT","39","313244355330","Sent Write Command, Handle: 0x0056 (Unknown: Unknown)"
"16328","2021-12-21 13:50:10.324761","0.449856","Master_0x60d988c8","Slave_0x60d988c8","ATT","39","313244335330","Sent Write Command, Handle: 0x0056 (Unknown: Unknown)"
"16334","2021-12-21 13:50:10.459917","0.135156","Master_0x60d988c8","Slave_0x60d988c8","ATT","39","313244335330","Sent Write Command, Handle: 0x0056 (Unknown: Unknown)"
"16338","2021-12-21 13:50:10.548055","0.088138","Master_0x60d988c8","Slave_0x60d988c8","ATT","39","313244335330","Sent Write Command, Handle: 0x0056 (Unknown: Unknown)"
"16344","2021-12-21 13:50:10.683143","0.135088","Master_0x60d988c8","Slave_0x60d988c8","ATT","39","313244335330","Sent Write Command, Handle: 0x0056 (Unknown: Unknown)"
"16346","2021-12-21 13:50:10.729845","0.046702","Master_0x60d988c8","Slave_0x60d988c8","ATT","39","313244335330","Sent Write Command, Handle: 0x0056 (Unknown: Unknown)"
"16350","2021-12-21 13:50:10.864945","0.135100","Master_0x60d988c8","Slave_0x60d988c8","ATT","39","313244335330","Sent Write Command, Handle: 0x0056 (Unknown: Unknown)"
"16352","2021-12-21 13:50:10.909972","0.045027","Master_0x60d988c8","Slave_0x60d988c8","ATT","39","313244335330","Sent Write Command, Handle: 0x0056 (Unknown: Unknown)"
"16354","2021-12-21 13:50:11.043828","0.133856","Master_0x60d988c8","Slave_0x60d988c8","ATT","39","313244355330","Sent Write Command, Handle: 0x0056 (Unknown: Unknown)"
"16870","2021-12-21 13:50:25.487507","14.443679","Master_0x60d988c8","Slave_0x60d988c8","ATT","36","373831","Sent Write Command, Handle: 0x0056 (Unknown: Unknown)"
"17026","2021-12-21 13:50:29.762532","4.275025","Master_0x60d988c8","Slave_0x60d988c8","ATT","36","373831","Sent Write Command, Handle: 0x0056 (Unknown: Unknown)"
"19720","2021-12-21 13:51:45.049599","75.287067","Master_0x60d988c8","Slave_0x60d988c8","ATT","36","373832","Sent Write Command, Handle: 0x0056 (Unknown: Unknown)"
"19778","2021-12-21 13:51:46.712828","1.663229","Master_0x60d988c8","Slave_0x60d988c8","ATT","36","373832","Sent Write Command, Handle: 0x0056 (Unknown: Unknown)"
"20418","2021-12-21 13:52:04.443839","17.731011","Master_0x60d988c8","Slave_0x60d988c8","ATT","36","373833","Sent Write Command, Handle: 0x0056 (Unknown: Unknown)"
"20440","2021-12-21 13:52:05.522725","1.078886","Master_0x60d988c8","Slave_0x60d988c8","ATT","36","373833","Sent Write Command, Handle: 0x0056 (Unknown: Unknown)"
"20821","2021-12-21 13:52:15.335157","9.812432","Master_0x60d988c8","Slave_0x60d988c8","ATT","36","373834","Sent Write Command, Handle: 0x0056 (Unknown: Unknown)"
"20870","2021-12-21 13:52:16.459463","1.124306","Master_0x60d988c8","Slave_0x60d988c8","ATT","36","373834","Sent Write Command, Handle: 0x0056 (Unknown: Unknown)"
"21292","2021-12-21 13:52:28.563796","12.104333","Master_0x60d988c8","Slave_0x60d988c8","ATT","37","35363145","Sent Write Command, Handle: 0x0056 (Unknown: Unknown)"
"21306","2021-12-21 13:52:29.419538","0.855742","Master_0x60d988c8","Slave_0x60d988c8","ATT","37","35363145","Sent Write Command, Handle: 0x0056 (Unknown: Unknown)"
"21308","2021-12-21 13:52:29.465581","0.046043","Master_0x60d988c8","Slave_0x60d988c8","ATT","37","35363145","Sent Write Command, Handle: 0x0056 (Unknown: Unknown)"
"21369","2021-12-21 13:52:30.904251","1.438670","Master_0x60d988c8","Slave_0x60d988c8","ATT","37","35363145","Sent Write Command, Handle: 0x0056 (Unknown: Unknown)"
"22020","2021-12-21 13:52:49.175418","18.271167","Master_0x60d988c8","Slave_0x60d988c8","ATT","37","35363245","Sent Write Command, Handle: 0x0056 (Unknown: Unknown)"
"22181","2021-12-21 13:52:53.585398","4.409980","Master_0x60d988c8","Slave_0x60d988c8","ATT","37","35363245","Sent Write Command, Handle: 0x0056 (Unknown: Unknown)"
"23091","2021-12-21 13:53:18.965314","25.379916","Master_0x60d988c8","Slave_0x60d988c8","ATT","37","35363345","Sent Write Command, Handle: 0x0056 (Unknown: Unknown)"
"23267","2021-12-21 13:53:23.870371","4.905057","Master_0x60d988c8","Slave_0x60d988c8","ATT","37","35363345","Sent Write Command, Handle: 0x0056 (Unknown: Unknown)"
"23269","2021-12-21 13:53:23.914356","0.043985","Master_0x60d988c8","Slave_0x60d988c8","ATT","37","35363345","Sent Write Command, Handle: 0x0056 (Unknown: Unknown)"
"23699","2021-12-21 13:53:36.019173","12.104817","Master_0x60d988c8","Slave_0x60d988c8","ATT","37","35363445","Sent Write Command, Handle: 0x0056 (Unknown: Unknown)"
"23783","2021-12-21 13:53:37.907902","1.888729","Master_0x60d988c8","Slave_0x60d988c8","ATT","37","35363445","Sent Write Command, Handle: 0x0056 (Unknown: Unknown)"
"24405","2021-12-21 13:53:55.053191","17.145289","Master_0x60d988c8","Slave_0x60d988c8","ATT","37","35363545","Sent Write Command, Handle: 0x0056 (Unknown: Unknown)"
"24445","2021-12-21 13:53:56.449322","1.396131","Master_0x60d988c8","Slave_0x60d988c8","ATT","37","35363545","Sent Write Command, Handle: 0x0056 (Unknown: Unknown)"
"24997","2021-12-21 13:54:11.029250","14.579928","Master_0x60d988c8","Slave_0x60d988c8","ATT","37","35363645","Sent Write Command, Handle: 0x0056 (Unknown: Unknown)"
"25085","2021-12-21 13:54:13.548150","2.518900","Master_0x60d988c8","Slave_0x60d988c8","ATT","37","35363645","Sent Write Command, Handle: 0x0056 (Unknown: Unknown)"
"25847","2021-12-21 13:54:34.519162","20.971012","Master_0x60d988c8","Slave_0x60d988c8","ATT","37","35363745","Sent Write Command, Handle: 0x0056 (Unknown: Unknown)"
"25983","2021-12-21 13:54:38.343899","3.824737","Master_0x60d988c8","Slave_0x60d988c8","ATT","37","35363745","Sent Write Command, Handle: 0x0056 (Unknown: Unknown)"
"26429","2021-12-21 13:54:50.313011","11.969112","Master_0x60d988c8","Slave_0x60d988c8","ATT","37","35363845","Sent Write Command, Handle: 0x0056 (Unknown: Unknown)"
"26587","2021-12-21 13:54:54.634727","4.321716","Master_0x60d988c8","Slave_0x60d988c8","ATT","37","35363845","Sent Write Command, Handle: 0x0056 (Unknown: Unknown)"
"27087","2021-12-21 13:55:07.998628","13.363901","Master_0x60d988c8","Slave_0x60d988c8","ATT","37","35363945","Sent Write Command, Handle: 0x0056 (Unknown: Unknown)"
"27195","2021-12-21 13:55:11.193327","3.194699","Master_0x60d988c8","Slave_0x60d988c8","ATT","37","35363945","Sent Write Command, Handle: 0x0056 (Unknown: Unknown)"
"27668","2021-12-21 13:55:24.152974","12.959647","Master_0x60d988c8","Slave_0x60d988c8","ATT","38","3536313045","Sent Write Command, Handle: 0x0056 (Unknown: Unknown)"
"27750","2021-12-21 13:55:26.762825","2.609851","Master_0x60d988c8","Slave_0x60d988c8","ATT","38","3536313045","Sent Write Command, Handle: 0x0056 (Unknown: Unknown)"
"28130","2021-12-21 13:55:37.023430","10.260605","Master_0x60d988c8","Slave_0x60d988c8","ATT","38","3536313145","Sent Write Command, Handle: 0x0056 (Unknown: Unknown)"
"28156","2021-12-21 13:55:38.193779","1.170349","Master_0x60d988c8","Slave_0x60d988c8","ATT","38","3536313145","Sent Write Command, Handle: 0x0056 (Unknown: Unknown)"
"28224","2021-12-21 13:55:39.724183","1.530404","Master_0x60d988c8","Slave_0x60d988c8","ATT","38","3536313145","Sent Write Command, Handle: 0x0056 (Unknown: Unknown)"
"28414","2021-12-21 13:55:44.898813","5.174630","Master_0x60d988c8","Slave_0x60d988c8","ATT","38","3536313245","Sent Write Command, Handle: 0x0056 (Unknown: Unknown)"
"28572","2021-12-21 13:55:49.218106","4.319293","Master_0x60d988c8","Slave_0x60d988c8","ATT","38","3536313245","Sent Write Command, Handle: 0x0056 (Unknown: Unknown)"
"28830","2021-12-21 13:55:56.690333","7.472227","Master_0x60d988c8","Slave_0x60d988c8","ATT","38","3536313345","Sent Write Command, Handle: 0x0056 (Unknown: Unknown)"
"28892","2021-12-21 13:55:58.803893","2.113560","Master_0x60d988c8","Slave_0x60d988c8","ATT","38","3536313345","Sent Write Command, Handle: 0x0056 (Unknown: Unknown)"
"29318","2021-12-21 13:56:10.730140","11.926247","Master_0x60d988c8","Slave_0x60d988c8","ATT","38","3536313445","Sent Write Command, Handle: 0x0056 (Unknown: Unknown)"
"29462","2021-12-21 13:56:14.372986","3.642846","Master_0x60d988c8","Slave_0x60d988c8","ATT","38","3536313445","Sent Write Command, Handle: 0x0056 (Unknown: Unknown)"
"29744","2021-12-21 13:56:21.977837","7.604851","Master_0x60d988c8","Slave_0x60d988c8","ATT","38","3536313545","Sent Write Command, Handle: 0x0056 (Unknown: Unknown)"
"29900","2021-12-21 13:56:26.028797","4.050960","Master_0x60d988c8","Slave_0x60d988c8","ATT","38","3536313545","Sent Write Command, Handle: 0x0056 (Unknown: Unknown)"
"30346","2021-12-21 13:56:39.123098","13.094301","Master_0x60d988c8","Slave_0x60d988c8","ATT","38","3536313645","Sent Write Command, Handle: 0x0056 (Unknown: Unknown)"
"30380","2021-12-21 13:56:40.067179","0.944081","Master_0x60d988c8","Slave_0x60d988c8","ATT","38","3536313645","Sent Write Command, Handle: 0x0056 (Unknown: Unknown)"
"30738","2021-12-21 13:56:49.654848","9.587669","Master_0x60d988c8","Slave_0x60d988c8","ATT","38","3536313745","Sent Write Command, Handle: 0x0056 (Unknown: Unknown)"
"30842","2021-12-21 13:56:52.757263","3.102415","Master_0x60d988c8","Slave_0x60d988c8","ATT","38","3536313745","Sent Write Command, Handle: 0x0056 (Unknown: Unknown)"
"31117","2021-12-21 13:56:59.913559","7.156296","Master_0x60d988c8","Slave_0x60d988c8","ATT","38","3536313845","Sent Write Command, Handle: 0x0056 (Unknown: Unknown)"
"31221","2021-12-21 13:57:02.658437","2.744878","Master_0x60d988c8","Slave_0x60d988c8","ATT","38","3536313845","Sent Write Command, Handle: 0x0056 (Unknown: Unknown)"
"32310","2021-12-21 13:57:32.312232","29.653795","Master_0x60d988c8","Slave_0x60d988c8","ATT","38","3536313945","Sent Write Command, Handle: 0x0056 (Unknown: Unknown)"
"32458","2021-12-21 13:57:36.228605","3.916373","Master_0x60d988c8","Slave_0x60d988c8","ATT","38","3536313945","Sent Write Command, Handle: 0x0056 (Unknown: Unknown)"
"34004","2021-12-21 13:58:19.428402","43.199797","Master_0x60d988c8","Slave_0x60d988c8","ATT","38","3536323045","Sent Write Command, Handle: 0x0056 (Unknown: Unknown)"
"34082","2021-12-21 13:58:21.542413","2.114011","Master_0x60d988c8","Slave_0x60d988c8","ATT","38","3536323045","Sent Write Command, Handle: 0x0056 (Unknown: Unknown)"
"34450","2021-12-21 13:58:31.893391","10.350978","Master_0x60d988c8","Slave_0x60d988c8","ATT","38","3536323145","Sent Write Command, Handle: 0x0056 (Unknown: Unknown)"
"34710","2021-12-21 13:58:38.913007","7.019616","Master_0x60d988c8","Slave_0x60d988c8","ATT","38","3536323145","Sent Write Command, Handle: 0x0056 (Unknown: Unknown)"
"35054","2021-12-21 13:58:48.274480","9.361473","Master_0x60d988c8","Slave_0x60d988c8","ATT","38","3536323245","Sent Write Command, Handle: 0x0056 (Unknown: Unknown)"
"35098","2021-12-21 13:58:49.442163","1.167683","Master_0x60d988c8","Slave_0x60d988c8","ATT","38","3536323245","Sent Write Command, Handle: 0x0056 (Unknown: Unknown)"
"35742","2021-12-21 13:59:07.128589","17.686426","Master_0x60d988c8","Slave_0x60d988c8","ATT","38","3536323345","Sent Write Command, Handle: 0x0056 (Unknown: Unknown)"
"35796","2021-12-21 13:59:08.387452","1.258863","Master_0x60d988c8","Slave_0x60d988c8","ATT","38","3536323345","Sent Write Command, Handle: 0x0056 (Unknown: Unknown)"
"36237","2021-12-21 13:59:20.403296","12.015844","Master_0x60d988c8","Slave_0x60d988c8","ATT","38","3536323445","Sent Write Command, Handle: 0x0056 (Unknown: Unknown)"
"36309","2021-12-21 13:59:22.247138","1.843842","Master_0x60d988c8","Slave_0x60d988c8","ATT","38","3536323445","Sent Write Command, Handle: 0x0056 (Unknown: Unknown)"
"36944","2021-12-21 13:59:40.113759","17.866621","Master_0x60d988c8","Slave_0x60d988c8","ATT","38","3536323545","Sent Write Command, Handle: 0x0056 (Unknown: Unknown)"
"37069","2021-12-21 13:59:43.352889","3.239130","Master_0x60d988c8","Slave_0x60d988c8","ATT","38","3536323545","Sent Write Command, Handle: 0x0056 (Unknown: Unknown)"
"38075","2021-12-21 14:00:10.938788","27.585899","Master_0x60d988c8","Slave_0x60d988c8","ATT","38","3536323645","Sent Write Command, Handle: 0x0056 (Unknown: Unknown)"
"38141","2021-12-21 14:00:12.962301","2.023513","Master_0x60d988c8","Slave_0x60d988c8","ATT","38","3536323645","Sent Write Command, Handle: 0x0056 (Unknown: Unknown)"
"38463","2021-12-21 14:00:21.828577","8.866276","Master_0x60d988c8","Slave_0x60d988c8","ATT","38","3536323745","Sent Write Command, Handle: 0x0056 (Unknown: Unknown)"
"38643","2021-12-21 14:00:26.552687","4.724110","Master_0x60d988c8","Slave_0x60d988c8","ATT","38","3536323745","Sent Write Command, Handle: 0x0056 (Unknown: Unknown)"
"39159","2021-12-21 14:00:41.267497","14.714810","Master_0x60d988c8","Slave_0x60d988c8","ATT","38","3536323845","Sent Write Command, Handle: 0x0056 (Unknown: Unknown)"
"39334","2021-12-21 14:00:45.947761","4.680264","Master_0x60d988c8","Slave_0x60d988c8","ATT","38","3536323845","Sent Write Command, Handle: 0x0056 (Unknown: Unknown)"
"39810","2021-12-21 14:00:59.132783","13.185022","Master_0x60d988c8","Slave_0x60d988c8","ATT","38","3536323945","Sent Write Command, Handle: 0x0056 (Unknown: Unknown)"
"39923","2021-12-21 14:01:02.506544","3.373761","Master_0x60d988c8","Slave_0x60d988c8","ATT","38","3536323945","Sent Write Command, Handle: 0x0056 (Unknown: Unknown)"
"40514","2021-12-21 14:01:18.978833","16.472289","Master_0x60d988c8","Slave_0x60d988c8","ATT","38","3536333045","Sent Write Command, Handle: 0x0056 (Unknown: Unknown)"
"40598","2021-12-21 14:01:21.001602","2.022769","Master_0x60d988c8","Slave_0x60d988c8","ATT","38","3536333045","Sent Write Command, Handle: 0x0056 (Unknown: Unknown)"
